{
  "code": 0,
  "count": 4,
  "data": [
    {
      "id": 1
      ,"username": "向阳"
      ,"create_man": "admin"
      ,"update_time": "2021-12-11"
      ,"status": 1
    },
    {
      "id": 2
    ,"username": "向阳"
    ,"create_man": "admin"
    ,"update_time": "2021-12-11"
    ,"status": 0
    },
    {
      "id": 3
    ,"username": "向阳"
    ,"create_man": "admin"
    ,"update_time": "2021-12-11"
    ,"status": 1
    },
    {
      "id": 4
    ,"username": "向阳"
    ,"create_man": "admin"
    ,"update_time": "2021-12-11"
    ,"status": 0
    }
  ]
}
